id,group,title,url,publication_or_update,accessed,evidence_note
D15,Audio analysis and music information retrieval,EBU Tech 3341 — EBU Mode loudness metering,https://tech.ebu.ch/docs/tech/tech3341.pdf,2023-11,2026-09-22,Primary standard: 400 ms momentary and 3 s short-term windows; not the proposed visual normalizer
D01,DSP and analysis,FluCoMa C++ core,https://github.com/flucoma/flucoma-core,Last activity not exposed,2026-09-22,BSD-3-Clause; dependency audit still required
D02,DSP and analysis,FluCoMa Max adapters,https://github.com/flucoma/flucoma-max,Last activity not exposed,2026-09-22,"BSD-3-Clause; C++17/MSVC; Max SDK >=7.3.3 is a build prerequisite, not current-binary certification"
D03,DSP and analysis,FluCoMa OnsetSlice,https://learn.flucoma.org/reference/onsetslice/,Not stated,2026-09-22,"Primary source; documentation/vendor statement, not a local benchmark"
D04,DSP and analysis,FluCoMa AmpFeature,https://learn.flucoma.org/reference/ampfeature/,Not stated,2026-09-22,"Primary source; documentation/vendor statement, not a local benchmark"
D05,DSP and analysis,FluCoMa SpectralShape,https://learn.flucoma.org/reference/spectralshape/,Not stated,2026-09-22,"Primary source; documentation/vendor statement, not a local benchmark"
D06,DSP and analysis,SuperFlux reference implementation,https://github.com/CPJKU/SuperFlux,Algorithm paper: 2013; repository last activity not exposed,2026-09-22,"No affirmative permissive repository license established; study algorithm, do not copy by default"
D07,DSP and analysis,Kiss FFT,https://github.com/mborgerding/kissfft,Last activity not exposed,2026-09-22,Revised BSD / BSD-3-Clause; audit exact pinned COPYING
D08,DSP and analysis,Signalsmith DSP,https://github.com/Signalsmith-Audio/dsp,Org listing showed update 2026-08-23,2026-09-22,MIT; org update is not asserted to be last commit date
D09,DSP and analysis,aubio,https://github.com/aubio/aubio,Last activity not exposed,2026-09-22,GPL-3.0; not the default closed-source dependency
D10,DSP and analysis,BTrack,https://github.com/adamstark/BTrack,Documented release 1.0.7: 2025-12-31,2026-09-22,GPL-3.0; includes a Max external path
D11,DSP and analysis,madmom,https://github.com/CPJKU/madmom,Last activity not exposed,2026-09-22,BSD code; bundled model material CC BY-NC-SA; separate code/weights review essential
D12,DSP and analysis,Essentia licensing,https://essentia.upf.edu/licensing_information.html,Not stated,2026-09-22,Copyleft/commercial dual route; obtain exact commercial grant before embedding
D13,DSP and analysis,Beat This!,https://github.com/CPJKU/beat_this,ISMIR 2024; last repository activity not exposed,2026-09-22,MIT code and provided weights per repository; file inference is not evidence of causal streaming
D14,DSP and analysis,FluCoMa build-system overview,https://develop.flucoma.org/build-system/overview.html,Not stated,2026-09-22,Historical compatibility intentions; validate pinned Max 8 package
E01,Engineering and MIDI,JUCE AudioProcessorValueTreeState reference,https://docs.juce.com/master/classjuce_1_1AudioProcessorValueTreeState.html,Not stated,2026-09-22,"Primary source; documentation/vendor statement, not a local benchmark"
E02,Engineering and MIDI,JUCE AbstractFifo reference,https://docs.juce.com/master/classjuce_1_1AbstractFifo.html,Not stated,2026-09-22,"Primary source; documentation/vendor statement, not a local benchmark"
E03,Engineering and MIDI,Steinberg VST3 SDK,https://github.com/steinbergmedia/vst3sdk,Current 3.8 generation,2026-09-22,MIT; host backward compatibility still needs Live 10 testing
E04,Engineering and MIDI,Steinberg VST 3.8 announcement,https://www.steinberg.net/press/2025/vst-3-8/,2025-10-28,2026-09-22,Primary announcement of MIT licensing
E05,Engineering and MIDI,JUCE 8 license,https://juce.com/legal/juce-8-licence/,2024-05-07; updated 2025-07-17,2026-09-22,Relevant only if project pins JUCE 8; Max version does not determine JUCE version
E06,Engineering and MIDI,Current JUCE repository license,https://github.com/juce-framework/JUCE/blob/master/LICENSE.md,Retrieved master references JUCE 9,2026-09-22,"Commercial/AGPL routes; select terms for exact release, not master by accident"
E07,Engineering and MIDI,Open Sound Control 1.0 specification,https://opensoundcontrol.stanford.edu/spec-1_0.html,OSC 1.0 reference,2026-09-22,"Primary source; documentation/vendor statement, not a local benchmark"
E08,Engineering and MIDI,Microsoft Win32 interprocess communication,https://learn.microsoft.com/en-us/windows/win32/ipc/interprocess-communications,Not stated,2026-09-22,"Primary source; documentation/vendor statement, not a local benchmark"
E09,Engineering and MIDI,Novation Launch Control XL MK1/MK2 official downloads and manuals,https://downloads.novationmusic.com/novation/launch/launch-control-xl-mk1mk2,Current Windows 10/11 driver listing; historical hardware,2026-09-22,"Primary source; documentation/vendor statement, not a local benchmark"
E10,Engineering and MIDI,Resolume: Windows MIDI 2.0 update troubleshooting,https://resolume.com/support/en/midi-troubles-on-windows-with-midi-2-0-update,Support index identifies February 2026 updates,2026-09-22,"Vendor troubleshooting, not proof every Windows 11 installation is affected"
E11,Engineering and MIDI,Spout SDK update log,https://github.com/leadedge/Spout2/blob/master/UPDATES.md,Versioned history; exact latest commit not exposed,2026-09-22,"Primary source; documentation/vendor statement, not a local benchmark"
E12,Engineering and MIDI,Signalsmith Audio repository listing,https://github.com/Signalsmith-Audio,DSP listing update 2026-08-23,2026-09-22,"Primary source; documentation/vendor statement, not a local benchmark"
E13,Engineering and MIDI,Launch Control XL programmer reference,https://fael-downloads-prod.focusrite.com/customer/prod/downloads/launch_control_xl_programmer_s_reference_guide.pdf,Not stated,2026-09-22,Official PDF; pages 3–4 inspected for template and LED semantics; proposed CC layout is not a factory template
L01,Extended landscape,Ryan Geiss: MilkDrop preset authoring,https://www.geisswerks.com/milkdrop/milkdrop_preset_authoring.html,Historical MilkDrop 1/2 reference,2026-09-22,"Primary source; documentation/vendor statement, not a local benchmark"
L02,Extended landscape,projectM source,https://github.com/projectM-visualizer/projectm,Last activity not exposed in retrieved page,2026-09-22,LGPL-2.1 core; shader/preset collections require separate audit
L03,Extended landscape,Butterchurn source,https://github.com/jberg/butterchurn,Last activity not exposed,2026-09-22,MIT; WebGL 2 implementation; content licenses separate
L04,Extended landscape,NestDrop,https://nestimmersion.ca/nestdrop.php,Not stated,2026-09-22,"Primary source; documentation/vendor statement, not a local benchmark"
L05,Extended landscape,Synesthesia SSF audio uniforms,https://app.synesthesia.live/docs/ssf/audio_uniforms.html,Not stated,2026-09-22,"Primary source; documentation/vendor statement, not a local benchmark"
L06,Extended landscape,Synesthesia Shader Format,https://app.synesthesia.live/docs/ssf/ssf.html,Not stated,2026-09-22,"Primary source; documentation/vendor statement, not a local benchmark"
L07,Extended landscape,Resolume parameter animation and FFT,https://resolume.com/support/en/parameter-animation,Not stated,2026-09-22,"Primary source; documentation/vendor statement, not a local benchmark"
L08,Extended landscape,Resolume envelopes,https://resolume.com/support/en/envelopes,Not stated,2026-09-22,"Primary source; documentation/vendor statement, not a local benchmark"
L09,Extended landscape,TouchDesigner Palette audioAnalysis,https://derivative.ca/UserGuide/Palette:audioAnalysis,Not stated,2026-09-22,"Primary source; documentation/vendor statement, not a local benchmark"
L10,Extended landscape,Magic Music Visuals user guide,https://magicmusicvisuals.com/downloads/Magic_UsersGuide.html,Not stated,2026-09-22,"Primary source; documentation/vendor statement, not a local benchmark"
L11,Extended landscape,Plane9,https://www.plane9.com/,Not stated,2026-09-22,"Primary source; documentation/vendor statement, not a local benchmark"
L12,Extended landscape,px-stream source,https://github.com/darosh/px-stream,Last activity not exposed,2026-09-22,WIP; Live 12.2 / Max 9.0.7–9.0.9; own code and assets have distinct licensing
L13,Extended landscape,Spettro developer product listing on KVR,https://www.kvraudio.com/product/spettro-by-creature-from-the-black,Not stated,2026-09-22,Developer-supplied listing; no independently verified internal render-process details
L14,Extended landscape,Visibox product,https://spaceage.tv/,Not stated,2026-09-22,"Primary source; documentation/vendor statement, not a local benchmark"
L15,Extended landscape,Visibox original developer introduction,https://www.jjeff.com/blog/2021/6/24/announcing-visibox-an-instrument-for-video,2021-06-24,2026-09-22,Historical developer design rationale; use current site for current availability
G01,Graphics and shader formats,ISF JSON reference,https://docs.isf.video/ref_json.html,Not stated,2026-09-22,"Primary source; documentation/vendor statement, not a local benchmark"
G02,Graphics and shader formats,VVISF-GL / VVGL source,https://github.com/mrRay/VVISF-GL,Last activity not exposed,2026-09-22,BSD-3-Clause; Windows/C++ reference implementation
G03,Graphics and shader formats,Spout2 SDK,https://github.com/leadedge/Spout2,Last activity not exposed,2026-09-22,BSD-2-Clause; Windows OpenGL and DirectX frame sharing
G04,Graphics and shader formats,NVIDIA GPU Gems: Fast Fluid Dynamics Simulation on the GPU,https://developer.nvidia.com/gpugems/gpugems/part-vi-beyond-triangles/chapter-38-fast-fluid-dynamics-simulation-gpu,"GPU Gems, 2004",2026-09-22,Algorithm reference; publication is not a blanket software redistribution license
G05,Graphics and shader formats,Björn Ottosson: OKLab,https://bottosson.github.io/posts/oklab/,Original 2020; matrices updated 2021-01-25; later page updates,2026-09-22,Author permits code under public domain or MIT; do not assume entire site has same license
G06,Graphics and shader formats,Filament,https://github.com/google/filament,Last activity not exposed,2026-09-22,"Apache-2.0; material/post-processing study reference, not recommended engine replacement"
G07,Graphics and shader formats,bgfx,https://github.com/bkaradzic/bgfx,Last activity not exposed,2026-09-22,BSD-2-Clause
G08,Graphics and shader formats,Diligent Engine,https://github.com/DiligentGraphics/DiligentEngine,Last activity not exposed,2026-09-22,Apache-2.0 core; Metal backend separately commercial; audit modules
G09,Graphics and shader formats,sokol,https://github.com/floooh/sokol,README latest-noted change: 2026-09-14,2026-09-22,Zlib
G10,Graphics and shader formats,wgpu,https://github.com/gfx-rs/wgpu,Last activity not exposed,2026-09-22,MIT OR Apache-2.0
G11,Graphics and shader formats,Dawn license,https://dawn.googlesource.com/dawn/+/refs/heads/main/LICENSE,Last activity not established,2026-09-22,BSD-style; bundled third-party notices still apply
G12,Graphics and shader formats,SPIRV-Cross,https://github.com/KhronosGroup/SPIRV-Cross,Last activity not exposed,2026-09-22,Apache-2.0; cross-compilation does not recreate ISF host semantics
G13,Graphics and shader formats,glslang,https://github.com/KhronosGroup/glslang,Last activity not exposed,2026-09-22,Mixed permissive component licenses; inspect pinned LICENSE and dependencies
G14,Graphics and shader formats,WebGL Fluid Simulation — code and license,https://github.com/PavelDoGreat/WebGL-Fluid-Simulation,Last activity not exposed,2026-09-22,MIT license file inspected; port algorithms rather than adopting a browser runtime by default
G15,Graphics and shader formats,Stefan Gustavson / Ashima GLSL noise,https://github.com/stegu/webgl-noise,README points to newer 2022 psrdnoise; last commit not exposed,2026-09-22,"MIT; GLSL 1.20-compatible noise source, historical demo host should not be reused blindly"
H01,Host compatibility,Ableton Live 10 release notes,https://www.ableton.com/en/release-notes/live-10/,Versioned: 10.1; 10.1.25; 10.1.30; 10.1.43,2026-09-22,Primary release history: VST3 introduction and MIDI fixes; not certification of every modern plugin
H02,Host compatibility,Processing video with Jitter in Max for Live,https://help.ableton.com/hc/en-us/articles/209769845-Processing-video-with-Jitter-in-Max-for-Live,Not stated,2026-09-22,"Primary source; documentation/vendor statement, not a local benchmark"
H03,Host compatibility,Cycling 74 developer discussion: Syphon and Spout for GL3,https://cycling74.com/forums/syphon-and-spout-for-gl3,Historical Max 8.1.11 / 8.2 beta tests,2026-09-22,Developer forum report; not a certification of every Max/driver combination
H04,Host compatibility,Max 8 plugphasor~ reference,https://docs.cycling74.com/legacy/max8/refpages/plugphasor~,Max 8 documentation,2026-09-22,"Primary source; documentation/vendor statement, not a local benchmark"
H05,Host compatibility,Max 8 plugsync~ reference,https://docs.cycling74.com/legacy/max8/refpages/plugsync~,Max 8 documentation,2026-09-22,"Primary source; documentation/vendor statement, not a local benchmark"
H06,Host compatibility,Accessing MIDI output of a VST plugin,https://help.ableton.com/hc/en-us/articles/209070189-Accessing-the-MIDI-output-of-a-VST-plug-in,Not stated,2026-09-22,"Primary source; documentation/vendor statement, not a local benchmark"
H07,Host compatibility,Max 8 live.object reference,https://docs.cycling74.com/legacy/max8/refpages/live.object,Max 8 documentation,2026-09-22,"Primary source; documentation/vendor statement, not a local benchmark"
H08,Host compatibility,Routing audio and MIDI to a Max for Live device simultaneously,https://cycling74.com/forums/routing-audio-and-midi-to-a-max-for-live-device-simultaneously,2015 discussion,2026-09-22,Historical forum architecture discussion; validate actual Live 10 routing
M01,Machine learning,HS-TasNet: real-time low-latency demixing paper,https://www.l-acoustics.com/wp-content/uploads/2024/04/real_time_demixer_2024_04_19.pdf,2024; PDF filename 2024-04-19,2026-09-22,"Tables visually inspected; paper measurements, not measurements on the user machine"
M02,Machine learning,HS-TasNet preprint abstract,https://arxiv.org/abs/2402.17701,2024-02-27,2026-09-22,"Primary source; documentation/vendor statement, not a local benchmark"
M03,Machine learning,StreamDiffusion official implementation,https://github.com/cumulo-autumn/StreamDiffusion,Paper 2023; current retrieved repository,2026-09-22,Apache-2.0 pipeline; model licenses separate; published FPS uses Ubuntu/RTX4090
M04,Machine learning,StreamDiffusionTD official documentation,https://dotsimulate.com/docs/streamdiffusiontd,Retrieved page states v0.4.1,2026-09-22,Vendor documentation; no local Windows latency measurement
M05,Machine learning,StreamDiffusionTD changelog,https://dotsimulate.com/docs/streamdiffusiontd/whats-new,Visible v0.3.1 entry: 2026-04-01,2026-09-22,"Primary source; documentation/vendor statement, not a local benchmark"
M06,Machine learning,Demucs original repository,https://github.com/facebookresearch/demucs,Last activity not established,2026-09-22,Offline separation reference; not evidence of bounded low-latency live behavior
A01,Six references — Arkestra,Arkestra product and pricing,https://www.arkestra.app/,Not stated,2026-09-22,"Primary source; documentation/vendor statement, not a local benchmark"
A02,Six references — Arkestra,Arkestra audio modulation,https://docs.arkestra.app/modulation/audio,Not stated,2026-09-22,"Primary source; documentation/vendor statement, not a local benchmark"
A03,Six references — Arkestra,Arkestra MIDI,https://docs.arkestra.app/modulation/midi,Not stated,2026-09-22,"Primary source; documentation/vendor statement, not a local benchmark"
A04,Six references — Arkestra,Arkestra macros,https://docs.arkestra.app/tracks/macros,Not stated,2026-09-22,"Primary source; documentation/vendor statement, not a local benchmark"
A05,Six references — Arkestra,Arkestra scenes,https://docs.arkestra.app/scenes/,Not stated,2026-09-22,"Primary source; documentation/vendor statement, not a local benchmark"
A06,Six references — Arkestra,Arkestra GPU effects,https://docs.arkestra.app/effects/gpu-effects,Not stated,2026-09-22,"Primary source; documentation/vendor statement, not a local benchmark"
A07,Six references — Arkestra,Arkestra code editor / ISF,https://docs.arkestra.app/studio/code-editor,Not stated,2026-09-22,"Primary source; documentation/vendor statement, not a local benchmark"
A08,Six references — Arkestra,Arkestra interface,https://docs.arkestra.app/getting-started/interface,Page update: 2026-09-12,2026-09-22,"Primary source; documentation/vendor statement, not a local benchmark"
A09,Six references — Arkestra,Arkestra Live comparison article supplied by user,https://www.arkestra.app/articles/vj-software-ableton-mac,Not stated,2026-09-22,Vendor comparison; not treated as independent comparative testing
P01,Six references — Photism,Photism product,https://photism.app/,Not stated,2026-09-22,"Primary source; documentation/vendor statement, not a local benchmark"
P02,Six references — Photism,Photism plugin,https://photism.app/plugin/,Not stated,2026-09-22,"Primary source; documentation/vendor statement, not a local benchmark"
P03,Six references — Photism,Photism full manual,https://photism.app/manual/,Not stated,2026-09-22,Includes Live 11/12 M4L requirement; WebView2; explicit editor/recording and multi-instance limits
P04,Six references — Photism,Photism Morphogen scene,https://photism.app/scenes/morphogen/,Not stated,2026-09-22,"Primary source; documentation/vendor statement, not a local benchmark"
P05,Six references — Photism,Photism Fluid scene,https://photism.app/scenes/fluid/,Not stated,2026-09-22,"Primary source; documentation/vendor statement, not a local benchmark"
P06,Six references — Photism,Photism developer M4L listing,https://maxforlive.com/library/device/15929/photism,Added 2026-08-02; updated 2026-08-30,2026-09-22,"Version Used fields are test versions, not minimum requirements"
P07,Six references — Photism,Morphogen official still,https://photism.app/clips/morphogen.jpg?v=20260731a,Asset query version: 2026-07-31,2026-09-22,Official still inspected; temporal behavior comes from vendor description
S01,Six references — Showsync,Videosync product,https://www.showsync.com/videosync,Not stated,2026-09-22,"Primary source; documentation/vendor statement, not a local benchmark"
S02,Six references — Showsync,Videosync introduction and system requirements,https://support.showsync.com/videosync/introduction,Not stated,2026-09-22,"Primary source; documentation/vendor statement, not a local benchmark"
S03,Six references — Showsync,Videosync full features,https://support.showsync.com/videosync/features,Not stated,2026-09-22,"Primary source; documentation/vendor statement, not a local benchmark"
S04,Six references — Showsync,Beam for Live introduction and requirements,https://support.showsync.com/beam-for-live/introduction,Not stated,2026-09-22,"Primary source; documentation/vendor statement, not a local benchmark"
S05,Six references — Showsync,Showsync Sync Tools / LiveGrabber,https://www.showsync.com/tools,Not stated,2026-09-22,"Primary source; documentation/vendor statement, not a local benchmark"
S06,Six references — Showsync,Official Squares device screenshot,https://www.showsync.com/_astro/squares.CX4QLKwn_1SetHh.webp,Not stated,2026-09-22,Official still inspected; not a watched performance video
T01,Six references — T3X2R,T3X2R product family,https://www.t3x2r.com/,Not stated,2026-09-22,"Primary source; documentation/vendor statement, not a local benchmark"
T02,Six references — T3X2R,"Render product, price and tested host versions",https://www.t3x2r.com/?product=r3nder,Not stated,2026-09-22,"Primary source; documentation/vendor statement, not a local benchmark"
T03,Six references — T3X2R,"Mayas product, price and tested host versions",https://www.t3x2r.com/?product=mayas,Not stated,2026-09-22,"Primary source; documentation/vendor statement, not a local benchmark"
T04,Six references — T3X2R,T3X2R learning page,https://www.t3x2r.com/learn/,Not stated,2026-09-22,Footer CC BY-NC scope needs clarification; not assumed to govern all commercial outputs
T05,Six references — T3X2R,Mayas official UI/output still,https://www.t3x2r.com/wp-content/uploads/2022/06/mayas_2.92-prod-800x800.webp,"Asset path 2022-06, shown version 2.92",2026-09-22,Official still inspected; asset path is not current release date
V01,Six references — VS,"VS Visual Synthesizer product, pricing, requirements",https://www.imaginando.pt/products/vs-visual-synthesizer,Not stated,2026-09-22,"Primary source; documentation/vendor statement, not a local benchmark"
V02,Six references — VS,VS 2 user manual,https://help.imaginando.pt/en/article/vs-2-visual-synthesizer-user-manual-su8wyw/,Not stated,2026-09-22,"Primary source; documentation/vendor statement, not a local benchmark"
Z01,Six references — Zwobot,Zwobot product and maintenance notice,https://www.zwobotmax.com/,Not stated,2026-09-22,"Primary source; documentation/vendor statement, not a local benchmark"
Z02,Six references — Zwobot,Zwobot manual,https://www.zwobotmax.com/manual/,Not stated,2026-09-22,"Primary source; documentation/vendor statement, not a local benchmark"
Z03,Six references — Zwobot,Zwobot developer changelog,https://www.zwobotmax.com/blog/,Live 10 withdrawal: 2024-11-09; later 2025 entries,2026-09-22,"Primary source; documentation/vendor statement, not a local benchmark"
Z04,Six references — Zwobot,Zwobot official effects UI still,https://www.zwobotmax.com/files/FX_Main_01__still_web_01_retina_20.png,Not stated,2026-09-22,Official still inspected; no motion inferred as observed
